,Date,SecurityId,CompanyId,Ticker,IsoCountryCode,Close
1,2024-10-31,BRK.B,44925,BRK/B UN Equity,US,450.92
2,2024-10-31,CMB,37965,JPM UN Equity,US,221.92
3,2024-10-31,MSFT,52712,MSFT UW Equity,US,406.35
4,2024-10-31,NVDA,53501,NVDA UW Equity,US,132.76
5,2024-10-31,XOM,25079,XOM UN Equity,US,116.78
6,2024-10-30,BRK.B,44925,BRK/B UN Equity,US,454.96
7,2024-10-30,CMB,37965,JPM UN Equity,US,224.41
8,2024-10-30,MSFT,52712,MSFT UW Equity,US,432.53
9,2024-10-30,NVDA,53501,NVDA UW Equity,US,139.335
10,2024-10-30,XOM,25079,XOM UN Equity,US,116.69
11,2024-10-29,BRK.B,44925,BRK/B UN Equity,US,454.62
12,2024-10-29,CMB,37965,JPM UN Equity,US,222.9
13,2024-10-29,MSFT,52712,MSFT UW Equity,US,431.95
14,2024-10-29,NVDA,53501,NVDA UW Equity,US,141.25
15,2024-10-29,XOM,25079,XOM UN Equity,US,117.28
16,2024-10-28,BRK.B,44925,BRK/B UN Equity,US,458.49
17,2024-10-28,CMB,37965,JPM UN Equity,US,225.5
18,2024-10-28,MSFT,52712,MSFT UW Equity,US,426.59
19,2024-10-28,NVDA,53501,NVDA UW Equity,US,140.52
20,2024-10-28,XOM,25079,XOM UN Equity,US,118.9
21,2024-10-25,BRK.B,44925,BRK/B UN Equity,US,454.01
22,2024-10-25,CMB,37965,JPM UN Equity,US,222.31
23,2024-10-25,MSFT,52712,MSFT UW Equity,US,428.15
24,2024-10-25,NVDA,53501,NVDA UW Equity,US,141.54
25,2024-10-25,XOM,25079,XOM UN Equity,US,119.49
26,2024-10-24,BRK.B,44925,BRK/B UN Equity,US,457.77
27,2024-10-24,CMB,37965,JPM UN Equity,US,224.98
28,2024-10-24,MSFT,52712,MSFT UW Equity,US,424.73
29,2024-10-24,NVDA,53501,NVDA UW Equity,US,140.41
30,2024-10-24,XOM,25079,XOM UN Equity,US,119.59
31,2024-10-23,BRK.B,44925,BRK/B UN Equity,US,460.61
32,2024-10-23,CMB,37965,JPM UN Equity,US,223.41
33,2024-10-23,MSFT,52712,MSFT UW Equity,US,424.6
34,2024-10-23,NVDA,53501,NVDA UW Equity,US,139.56
35,2024-10-23,XOM,25079,XOM UN Equity,US,120.27
36,2024-10-22,BRK.B,44925,BRK/B UN Equity,US,461.45
37,2024-10-22,CMB,37965,JPM UN Equity,US,224.12
38,2024-10-22,MSFT,52712,MSFT UW Equity,US,427.51
39,2024-10-22,NVDA,53501,NVDA UW Equity,US,143.59
40,2024-10-22,XOM,25079,XOM UN Equity,US,120.7
41,2024-10-21,BRK.B,44925,BRK/B UN Equity,US,464.16
42,2024-10-21,CMB,37965,JPM UN Equity,US,223
43,2024-10-21,MSFT,52712,MSFT UW Equity,US,418.78
44,2024-10-21,NVDA,53501,NVDA UW Equity,US,143.71
45,2024-10-21,XOM,25079,XOM UN Equity,US,120.08
46,2024-10-18,BRK.B,44925,BRK/B UN Equity,US,464.8
47,2024-10-18,CMB,37965,JPM UN Equity,US,225.37
48,2024-10-18,MSFT,52712,MSFT UW Equity,US,418.16
49,2024-10-18,NVDA,53501,NVDA UW Equity,US,138
50,2024-10-18,XOM,25079,XOM UN Equity,US,120.01
51,2024-10-17,BRK.B,44925,BRK/B UN Equity,US,465.85
52,2024-10-17,CMB,37965,JPM UN Equity,US,224.42
53,2024-10-17,MSFT,52712,MSFT UW Equity,US,416.72
54,2024-10-17,NVDA,53501,NVDA UW Equity,US,136.93
55,2024-10-17,XOM,25079,XOM UN Equity,US,120.35
56,2024-10-16,BRK.B,44925,BRK/B UN Equity,US,465.69
57,2024-10-16,CMB,37965,JPM UN Equity,US,223.64
58,2024-10-16,MSFT,52712,MSFT UW Equity,US,416.12
59,2024-10-16,NVDA,53501,NVDA UW Equity,US,135.72
60,2024-10-16,XOM,25079,XOM UN Equity,US,120.66
61,2024-10-15,BRK.B,44925,BRK/B UN Equity,US,462.68
62,2024-10-15,CMB,37965,JPM UN Equity,US,222.39
63,2024-10-15,MSFT,52712,MSFT UW Equity,US,418.74
64,2024-10-15,NVDA,53501,NVDA UW Equity,US,131.6
65,2024-10-15,XOM,25079,XOM UN Equity,US,120.35
66,2024-10-14,BRK.B,44925,BRK/B UN Equity,US,459.98
67,2024-10-14,CMB,37965,JPM UN Equity,US,221.48
68,2024-10-14,MSFT,52712,MSFT UW Equity,US,419.14
69,2024-10-14,NVDA,53501,NVDA UW Equity,US,138.07
70,2024-10-14,XOM,25079,XOM UN Equity,US,124.08
71,2024-10-11,BRK.B,44925,BRK/B UN Equity,US,460.21
72,2024-10-11,CMB,37965,JPM UN Equity,US,222.29
73,2024-10-11,MSFT,52712,MSFT UW Equity,US,416.32
74,2024-10-11,NVDA,53501,NVDA UW Equity,US,134.8
75,2024-10-11,XOM,25079,XOM UN Equity,US,123.61
76,2024-10-10,BRK.B,44925,BRK/B UN Equity,US,454.93
77,2024-10-10,CMB,37965,JPM UN Equity,US,212.84
78,2024-10-10,MSFT,52712,MSFT UW Equity,US,415.84
79,2024-10-10,NVDA,53501,NVDA UW Equity,US,134.81
80,2024-10-10,XOM,25079,XOM UN Equity,US,123.14
81,2024-10-09,BRK.B,44925,BRK/B UN Equity,US,455.9
82,2024-10-09,CMB,37965,JPM UN Equity,US,213.42
83,2024-10-09,MSFT,52712,MSFT UW Equity,US,417.46
84,2024-10-09,NVDA,53501,NVDA UW Equity,US,132.65
85,2024-10-09,XOM,25079,XOM UN Equity,US,122.09
86,2024-10-08,BRK.B,44925,BRK/B UN Equity,US,453.8
87,2024-10-08,CMB,37965,JPM UN Equity,US,210.75
88,2024-10-08,MSFT,52712,MSFT UW Equity,US,414.71
89,2024-10-08,NVDA,53501,NVDA UW Equity,US,132.89
90,2024-10-08,XOM,25079,XOM UN Equity,US,122.04
91,2024-10-07,BRK.B,44925,BRK/B UN Equity,US,453.5
92,2024-10-07,CMB,37965,JPM UN Equity,US,210.93
93,2024-10-07,MSFT,52712,MSFT UW Equity,US,409.54
94,2024-10-07,NVDA,53501,NVDA UW Equity,US,127.72
95,2024-10-07,XOM,25079,XOM UN Equity,US,125.37
96,2024-10-04,BRK.B,44925,BRK/B UN Equity,US,461.97
97,2024-10-04,CMB,37965,JPM UN Equity,US,211.22
98,2024-10-04,MSFT,52712,MSFT UW Equity,US,416.06
99,2024-10-04,NVDA,53501,NVDA UW Equity,US,124.92
100,2024-10-04,XOM,25079,XOM UN Equity,US,124.83
101,2024-10-03,BRK.B,44925,BRK/B UN Equity,US,452.96
102,2024-10-03,CMB,37965,JPM UN Equity,US,205.23
103,2024-10-03,MSFT,52712,MSFT UW Equity,US,416.54
104,2024-10-03,NVDA,53501,NVDA UW Equity,US,122.85
105,2024-10-03,XOM,25079,XOM UN Equity,US,122.58
106,2024-10-02,BRK.B,44925,BRK/B UN Equity,US,456.67
107,2024-10-02,CMB,37965,JPM UN Equity,US,207.29
108,2024-10-02,MSFT,52712,MSFT UW Equity,US,417.13
109,2024-10-02,NVDA,53501,NVDA UW Equity,US,118.85
110,2024-10-02,XOM,25079,XOM UN Equity,US,121.52
111,2024-10-01,BRK.B,44925,BRK/B UN Equity,US,457.41
112,2024-10-01,CMB,37965,JPM UN Equity,US,207.04
113,2024-10-01,MSFT,52712,MSFT UW Equity,US,420.69
114,2024-10-01,NVDA,53501,NVDA UW Equity,US,117
115,2024-10-01,XOM,25079,XOM UN Equity,US,119.93
116,2024-09-30,BRK.B,44925,BRK/B UN Equity,US,460.26
117,2024-09-30,CMB,37965,JPM UN Equity,US,210.86
118,2024-09-30,MSFT,52712,MSFT UW Equity,US,430.3
119,2024-09-30,NVDA,53501,NVDA UW Equity,US,121.44
120,2024-09-30,XOM,25079,XOM UN Equity,US,117.22
121,2024-09-27,BRK.B,44925,BRK/B UN Equity,US,457.47
122,2024-09-27,CMB,37965,JPM UN Equity,US,210.5
123,2024-09-27,MSFT,52712,MSFT UW Equity,US,428.02
124,2024-09-27,NVDA,53501,NVDA UW Equity,US,121.4
125,2024-09-27,XOM,25079,XOM UN Equity,US,115.82
126,2024-09-26,BRK.B,44925,BRK/B UN Equity,US,454.18
127,2024-09-26,CMB,37965,JPM UN Equity,US,209.78
128,2024-09-26,MSFT,52712,MSFT UW Equity,US,431.31
129,2024-09-26,NVDA,53501,NVDA UW Equity,US,124.04
130,2024-09-26,XOM,25079,XOM UN Equity,US,112.8
131,2024-09-25,BRK.B,44925,BRK/B UN Equity,US,452.36
132,2024-09-25,CMB,37965,JPM UN Equity,US,210.19
133,2024-09-25,MSFT,52712,MSFT UW Equity,US,432.11
134,2024-09-25,NVDA,53501,NVDA UW Equity,US,123.51
135,2024-09-25,XOM,25079,XOM UN Equity,US,114.77
136,2024-09-24,BRK.B,44925,BRK/B UN Equity,US,454.56
137,2024-09-24,CMB,37965,JPM UN Equity,US,211.59
138,2024-09-24,MSFT,52712,MSFT UW Equity,US,429.17
139,2024-09-24,NVDA,53501,NVDA UW Equity,US,120.87
140,2024-09-24,XOM,25079,XOM UN Equity,US,117.05
141,2024-09-23,BRK.B,44925,BRK/B UN Equity,US,454.98
142,2024-09-23,CMB,37965,JPM UN Equity,US,211.44
143,2024-09-23,MSFT,52712,MSFT UW Equity,US,433.51
144,2024-09-23,NVDA,53501,NVDA UW Equity,US,116.26
145,2024-09-23,XOM,25079,XOM UN Equity,US,117.36
146,2024-09-20,BRK.B,44925,BRK/B UN Equity,US,455.31
147,2024-09-20,CMB,37965,JPM UN Equity,US,211.09
148,2024-09-20,MSFT,52712,MSFT UW Equity,US,435.27
149,2024-09-20,NVDA,53501,NVDA UW Equity,US,116
150,2024-09-20,XOM,25079,XOM UN Equity,US,115.27
151,2024-09-19,BRK.B,44925,BRK/B UN Equity,US,459.71
152,2024-09-19,CMB,37965,JPM UN Equity,US,210.48
153,2024-09-19,MSFT,52712,MSFT UW Equity,US,438.69
154,2024-09-19,NVDA,53501,NVDA UW Equity,US,117.87
155,2024-09-19,XOM,25079,XOM UN Equity,US,116
156,2024-09-18,BRK.B,44925,BRK/B UN Equity,US,456.6
157,2024-09-18,CMB,37965,JPM UN Equity,US,207.53
158,2024-09-18,MSFT,52712,MSFT UW Equity,US,430.81
159,2024-09-18,NVDA,53501,NVDA UW Equity,US,113.37
160,2024-09-18,XOM,25079,XOM UN Equity,US,114.58
161,2024-09-17,BRK.B,44925,BRK/B UN Equity,US,456.68
162,2024-09-17,CMB,37965,JPM UN Equity,US,209.25
163,2024-09-17,MSFT,52712,MSFT UW Equity,US,435.15
164,2024-09-17,NVDA,53501,NVDA UW Equity,US,115.59
165,2024-09-17,XOM,25079,XOM UN Equity,US,114.18
166,2024-09-16,BRK.B,44925,BRK/B UN Equity,US,451.78
167,2024-09-16,CMB,37965,JPM UN Equity,US,207.86
168,2024-09-16,MSFT,52712,MSFT UW Equity,US,431.34
169,2024-09-16,NVDA,53501,NVDA UW Equity,US,116.78
170,2024-09-16,XOM,25079,XOM UN Equity,US,112.71
171,2024-09-13,BRK.B,44925,BRK/B UN Equity,US,447.61
172,2024-09-13,CMB,37965,JPM UN Equity,US,204.32
173,2024-09-13,MSFT,52712,MSFT UW Equity,US,430.59
174,2024-09-13,NVDA,53501,NVDA UW Equity,US,119.1
175,2024-09-13,XOM,25079,XOM UN Equity,US,111.15
176,2024-09-12,BRK.B,44925,BRK/B UN Equity,US,450.87
177,2024-09-12,CMB,37965,JPM UN Equity,US,206.6
178,2024-09-12,MSFT,52712,MSFT UW Equity,US,427
179,2024-09-12,NVDA,53501,NVDA UW Equity,US,119.14
180,2024-09-12,XOM,25079,XOM UN Equity,US,111.23
181,2024-09-11,BRK.B,44925,BRK/B UN Equity,US,453.1
182,2024-09-11,CMB,37965,JPM UN Equity,US,207.23
183,2024-09-11,MSFT,52712,MSFT UW Equity,US,423.04
184,2024-09-11,NVDA,53501,NVDA UW Equity,US,116.91
185,2024-09-11,XOM,25079,XOM UN Equity,US,109.72
186,2024-09-10,BRK.B,44925,BRK/B UN Equity,US,458.92
187,2024-09-10,CMB,37965,JPM UN Equity,US,205.56
188,2024-09-10,MSFT,52712,MSFT UW Equity,US,414.2
189,2024-09-10,NVDA,53501,NVDA UW Equity,US,108.1
190,2024-09-10,XOM,25079,XOM UN Equity,US,110.82
191,2024-09-09,BRK.B,44925,BRK/B UN Equity,US,459.61
192,2024-09-09,CMB,37965,JPM UN Equity,US,216.81
193,2024-09-09,MSFT,52712,MSFT UW Equity,US,405.72
194,2024-09-09,NVDA,53501,NVDA UW Equity,US,106.47
195,2024-09-09,XOM,25079,XOM UN Equity,US,115.01
196,2024-09-06,BRK.B,44925,BRK/B UN Equity,US,459.42
197,2024-09-06,CMB,37965,JPM UN Equity,US,212.46
198,2024-09-06,MSFT,52712,MSFT UW Equity,US,401.7
199,2024-09-06,NVDA,53501,NVDA UW Equity,US,102.83
200,2024-09-06,XOM,25079,XOM UN Equity,US,112.64
201,2024-09-05,BRK.B,44925,BRK/B UN Equity,US,464.92
202,2024-09-05,CMB,37965,JPM UN Equity,US,217.63
203,2024-09-05,MSFT,52712,MSFT UW Equity,US,408.39
204,2024-09-05,NVDA,53501,NVDA UW Equity,US,107.21
205,2024-09-05,XOM,25079,XOM UN Equity,US,113.17
206,2024-09-04,BRK.B,44925,BRK/B UN Equity,US,478.57
207,2024-09-04,CMB,37965,JPM UN Equity,US,219.33
208,2024-09-04,MSFT,52712,MSFT UW Equity,US,408.9
209,2024-09-04,NVDA,53501,NVDA UW Equity,US,106.21
210,2024-09-04,XOM,25079,XOM UN Equity,US,114.06
211,2024-09-03,BRK.B,44925,BRK/B UN Equity,US,476.83
212,2024-09-03,CMB,37965,JPM UN Equity,US,220.3
213,2024-09-03,MSFT,52712,MSFT UW Equity,US,409.44
214,2024-09-03,NVDA,53501,NVDA UW Equity,US,108
215,2024-09-03,XOM,25079,XOM UN Equity,US,115.47
216,2024-08-30,BRK.B,44925,BRK/B UN Equity,US,475.92
217,2024-08-30,CMB,37965,JPM UN Equity,US,224.8
218,2024-08-30,MSFT,52712,MSFT UW Equity,US,417.14
219,2024-08-30,NVDA,53501,NVDA UW Equity,US,119.37
220,2024-08-30,XOM,25079,XOM UN Equity,US,117.94
221,2024-08-29,BRK.B,44925,BRK/B UN Equity,US,468.37
222,2024-08-29,CMB,37965,JPM UN Equity,US,222.21
223,2024-08-29,MSFT,52712,MSFT UW Equity,US,413.12
224,2024-08-29,NVDA,53501,NVDA UW Equity,US,117.59
225,2024-08-29,XOM,25079,XOM UN Equity,US,118.13
226,2024-08-28,BRK.B,44925,BRK/B UN Equity,US,464.59
227,2024-08-28,CMB,37965,JPM UN Equity,US,221.29
228,2024-08-28,MSFT,52712,MSFT UW Equity,US,410.6
229,2024-08-28,NVDA,53501,NVDA UW Equity,US,125.61
230,2024-08-28,XOM,25079,XOM UN Equity,US,116.52
231,2024-08-27,BRK.B,44925,BRK/B UN Equity,US,460.63
232,2024-08-27,CMB,37965,JPM UN Equity,US,220.18
233,2024-08-27,MSFT,52712,MSFT UW Equity,US,413.84
234,2024-08-27,NVDA,53501,NVDA UW Equity,US,128.3
235,2024-08-27,XOM,25079,XOM UN Equity,US,117.68
236,2024-08-26,BRK.B,44925,BRK/B UN Equity,US,454.49
237,2024-08-26,CMB,37965,JPM UN Equity,US,219.17
238,2024-08-26,MSFT,52712,MSFT UW Equity,US,413.49
239,2024-08-26,NVDA,53501,NVDA UW Equity,US,126.46
240,2024-08-26,XOM,25079,XOM UN Equity,US,118.81
241,2024-08-23,BRK.B,44925,BRK/B UN Equity,US,453.38
242,2024-08-23,CMB,37965,JPM UN Equity,US,218.31
243,2024-08-23,MSFT,52712,MSFT UW Equity,US,416.79
244,2024-08-23,NVDA,53501,NVDA UW Equity,US,129.37
245,2024-08-23,XOM,25079,XOM UN Equity,US,116.32
246,2024-08-22,BRK.B,44925,BRK/B UN Equity,US,449.03
247,2024-08-22,CMB,37965,JPM UN Equity,US,216.63
248,2024-08-22,MSFT,52712,MSFT UW Equity,US,415.55
249,2024-08-22,NVDA,53501,NVDA UW Equity,US,123.74
250,2024-08-22,XOM,25079,XOM UN Equity,US,114.73
251,2024-08-21,BRK.B,44925,BRK/B UN Equity,US,446.6
252,2024-08-21,CMB,37965,JPM UN Equity,US,214.6
253,2024-08-21,MSFT,52712,MSFT UW Equity,US,424.14
254,2024-08-21,NVDA,53501,NVDA UW Equity,US,128.5
255,2024-08-21,XOM,25079,XOM UN Equity,US,113.85
256,2024-08-20,BRK.B,44925,BRK/B UN Equity,US,448.36
257,2024-08-20,CMB,37965,JPM UN Equity,US,214.52
258,2024-08-20,MSFT,52712,MSFT UW Equity,US,424.8
259,2024-08-20,NVDA,53501,NVDA UW Equity,US,127.25
260,2024-08-20,XOM,25079,XOM UN Equity,US,114.58
261,2024-08-19,BRK.B,44925,BRK/B UN Equity,US,448.77
262,2024-08-19,CMB,37965,JPM UN Equity,US,215.45
263,2024-08-19,MSFT,52712,MSFT UW Equity,US,421.53
264,2024-08-19,NVDA,53501,NVDA UW Equity,US,130
265,2024-08-19,XOM,25079,XOM UN Equity,US,118.53
266,2024-08-16,BRK.B,44925,BRK/B UN Equity,US,444.51
267,2024-08-16,CMB,37965,JPM UN Equity,US,213.97
268,2024-08-16,MSFT,52712,MSFT UW Equity,US,418.47
269,2024-08-16,NVDA,53501,NVDA UW Equity,US,124.58
270,2024-08-16,XOM,25079,XOM UN Equity,US,118.17
271,2024-08-15,BRK.B,44925,BRK/B UN Equity,US,440.84
272,2024-08-15,CMB,37965,JPM UN Equity,US,211.55
273,2024-08-15,MSFT,52712,MSFT UW Equity,US,421.03
274,2024-08-15,NVDA,53501,NVDA UW Equity,US,122.86
275,2024-08-15,XOM,25079,XOM UN Equity,US,118.73
276,2024-08-14,BRK.B,44925,BRK/B UN Equity,US,438.47
277,2024-08-14,CMB,37965,JPM UN Equity,US,210.24
278,2024-08-14,MSFT,52712,MSFT UW Equity,US,416.86
279,2024-08-14,NVDA,53501,NVDA UW Equity,US,118.08
280,2024-08-14,XOM,25079,XOM UN Equity,US,118.95
281,2024-08-13,BRK.B,44925,BRK/B UN Equity,US,432.41
282,2024-08-13,CMB,37965,JPM UN Equity,US,207.94
283,2024-08-13,MSFT,52712,MSFT UW Equity,US,414.01
284,2024-08-13,NVDA,53501,NVDA UW Equity,US,116.14
285,2024-08-13,XOM,25079,XOM UN Equity,US,117.86
286,2024-08-12,BRK.B,44925,BRK/B UN Equity,US,430.39
287,2024-08-12,CMB,37965,JPM UN Equity,US,206.19
288,2024-08-12,MSFT,52712,MSFT UW Equity,US,406.81
289,2024-08-12,NVDA,53501,NVDA UW Equity,US,109.02
290,2024-08-12,XOM,25079,XOM UN Equity,US,119
291,2024-08-09,BRK.B,44925,BRK/B UN Equity,US,431.67
292,2024-08-09,CMB,37965,JPM UN Equity,US,205.8
293,2024-08-09,MSFT,52712,MSFT UW Equity,US,406.02
294,2024-08-09,NVDA,53501,NVDA UW Equity,US,104.75
295,2024-08-09,XOM,25079,XOM UN Equity,US,118.85
296,2024-08-08,BRK.B,44925,BRK/B UN Equity,US,431.54
297,2024-08-08,CMB,37965,JPM UN Equity,US,204.06
298,2024-08-08,MSFT,52712,MSFT UW Equity,US,402.69
299,2024-08-08,NVDA,53501,NVDA UW Equity,US,104.97
300,2024-08-08,XOM,25079,XOM UN Equity,US,117.89
301,2024-08-07,BRK.B,44925,BRK/B UN Equity,US,427.02
302,2024-08-07,CMB,37965,JPM UN Equity,US,200.4
303,2024-08-07,MSFT,52712,MSFT UW Equity,US,398.43
304,2024-08-07,NVDA,53501,NVDA UW Equity,US,98.91
305,2024-08-07,XOM,25079,XOM UN Equity,US,115.68
306,2024-08-06,BRK.B,44925,BRK/B UN Equity,US,422.14
307,2024-08-06,CMB,37965,JPM UN Equity,US,200.34
308,2024-08-06,MSFT,52712,MSFT UW Equity,US,399.61
309,2024-08-06,NVDA,53501,NVDA UW Equity,US,104.25
310,2024-08-06,XOM,25079,XOM UN Equity,US,114.16
311,2024-08-05,BRK.B,44925,BRK/B UN Equity,US,413.72
312,2024-08-05,CMB,37965,JPM UN Equity,US,194.9
313,2024-08-05,MSFT,52712,MSFT UW Equity,US,395.15
314,2024-08-05,NVDA,53501,NVDA UW Equity,US,100.45
315,2024-08-05,XOM,25079,XOM UN Equity,US,114.77
316,2024-08-02,BRK.B,44925,BRK/B UN Equity,US,428.36
317,2024-08-02,CMB,37965,JPM UN Equity,US,199.14
318,2024-08-02,MSFT,52712,MSFT UW Equity,US,408.49
319,2024-08-02,NVDA,53501,NVDA UW Equity,US,107.27
320,2024-08-02,XOM,25079,XOM UN Equity,US,116.88
321,2024-08-01,BRK.B,44925,BRK/B UN Equity,US,431.81
322,2024-08-01,CMB,37965,JPM UN Equity,US,207.96
323,2024-08-01,MSFT,52712,MSFT UW Equity,US,417.11
324,2024-08-01,NVDA,53501,NVDA UW Equity,US,109.21
325,2024-08-01,XOM,25079,XOM UN Equity,US,116.95
326,2024-07-31,BRK.B,44925,BRK/B UN Equity,US,438.5
327,2024-07-31,CMB,37965,JPM UN Equity,US,212.8
328,2024-07-31,MSFT,52712,MSFT UW Equity,US,418.35
329,2024-07-31,NVDA,53501,NVDA UW Equity,US,117.02
330,2024-07-31,XOM,25079,XOM UN Equity,US,118.59
331,2024-07-30,BRK.B,44925,BRK/B UN Equity,US,441.26
332,2024-07-30,CMB,37965,JPM UN Equity,US,215.19
333,2024-07-30,MSFT,52712,MSFT UW Equity,US,422.92
334,2024-07-30,NVDA,53501,NVDA UW Equity,US,103.73
335,2024-07-30,XOM,25079,XOM UN Equity,US,118.17
336,2024-07-29,BRK.B,44925,BRK/B UN Equity,US,438.31
337,2024-07-29,CMB,37965,JPM UN Equity,US,210.85
338,2024-07-29,MSFT,52712,MSFT UW Equity,US,426.73
339,2024-07-29,NVDA,53501,NVDA UW Equity,US,111.59
340,2024-07-29,XOM,25079,XOM UN Equity,US,116.1
341,2024-07-26,BRK.B,44925,BRK/B UN Equity,US,437.66
342,2024-07-26,CMB,37965,JPM UN Equity,US,212.24
343,2024-07-26,MSFT,52712,MSFT UW Equity,US,425.27
344,2024-07-26,NVDA,53501,NVDA UW Equity,US,113.06
345,2024-07-26,XOM,25079,XOM UN Equity,US,117.33
346,2024-07-25,BRK.B,44925,BRK/B UN Equity,US,433.29
347,2024-07-25,CMB,37965,JPM UN Equity,US,208.67
348,2024-07-25,MSFT,52712,MSFT UW Equity,US,418.4
349,2024-07-25,NVDA,53501,NVDA UW Equity,US,112.28
350,2024-07-25,XOM,25079,XOM UN Equity,US,117.43
351,2024-07-24,BRK.B,44925,BRK/B UN Equity,US,432.8
352,2024-07-24,CMB,37965,JPM UN Equity,US,208.59
353,2024-07-24,MSFT,52712,MSFT UW Equity,US,428.9
354,2024-07-24,NVDA,53501,NVDA UW Equity,US,114.25
355,2024-07-24,XOM,25079,XOM UN Equity,US,115.01
356,2024-07-23,BRK.B,44925,BRK/B UN Equity,US,434.01
357,2024-07-23,CMB,37965,JPM UN Equity,US,210.33
358,2024-07-23,MSFT,52712,MSFT UW Equity,US,444.85
359,2024-07-23,NVDA,53501,NVDA UW Equity,US,122.59
360,2024-07-23,XOM,25079,XOM UN Equity,US,113.41
361,2024-07-22,BRK.B,44925,BRK/B UN Equity,US,435.98
362,2024-07-22,CMB,37965,JPM UN Equity,US,210.28
363,2024-07-22,MSFT,52712,MSFT UW Equity,US,442.94
364,2024-07-22,NVDA,53501,NVDA UW Equity,US,123.54
365,2024-07-22,XOM,25079,XOM UN Equity,US,115.27
366,2024-07-19,BRK.B,44925,BRK/B UN Equity,US,434.47
367,2024-07-19,CMB,37965,JPM UN Equity,US,209.78
368,2024-07-19,MSFT,52712,MSFT UW Equity,US,437.11
369,2024-07-19,NVDA,53501,NVDA UW Equity,US,117.93
370,2024-07-19,XOM,25079,XOM UN Equity,US,116.07
371,2024-07-18,BRK.B,44925,BRK/B UN Equity,US,441.82
372,2024-07-18,CMB,37965,JPM UN Equity,US,209.98
373,2024-07-18,MSFT,52712,MSFT UW Equity,US,440.37
374,2024-07-18,NVDA,53501,NVDA UW Equity,US,121.09
375,2024-07-18,XOM,25079,XOM UN Equity,US,118.8
376,2024-07-17,BRK.B,44925,BRK/B UN Equity,US,445.61
377,2024-07-17,CMB,37965,JPM UN Equity,US,216.87
378,2024-07-17,MSFT,52712,MSFT UW Equity,US,443.52
379,2024-07-17,NVDA,53501,NVDA UW Equity,US,117.99
380,2024-07-17,XOM,25079,XOM UN Equity,US,117.64
381,2024-07-16,BRK.B,44925,BRK/B UN Equity,US,438.9
382,2024-07-16,CMB,37965,JPM UN Equity,US,213.62
383,2024-07-16,MSFT,52712,MSFT UW Equity,US,449.52
384,2024-07-16,NVDA,53501,NVDA UW Equity,US,126.36
385,2024-07-16,XOM,25079,XOM UN Equity,US,116.04
386,2024-07-15,BRK.B,44925,BRK/B UN Equity,US,434.42
387,2024-07-15,CMB,37965,JPM UN Equity,US,210.05
388,2024-07-15,MSFT,52712,MSFT UW Equity,US,453.96
389,2024-07-15,NVDA,53501,NVDA UW Equity,US,128.44
390,2024-07-15,XOM,25079,XOM UN Equity,US,115.21
391,2024-07-12,BRK.B,44925,BRK/B UN Equity,US,424.44
392,2024-07-12,CMB,37965,JPM UN Equity,US,204.94
393,2024-07-12,MSFT,52712,MSFT UW Equity,US,453.55
394,2024-07-12,NVDA,53501,NVDA UW Equity,US,129.24
395,2024-07-12,XOM,25079,XOM UN Equity,US,113.27
396,2024-07-11,BRK.B,44925,BRK/B UN Equity,US,418.78
397,2024-07-11,CMB,37965,JPM UN Equity,US,207.45
398,2024-07-11,MSFT,52712,MSFT UW Equity,US,454.7
399,2024-07-11,NVDA,53501,NVDA UW Equity,US,127.4
400,2024-07-11,XOM,25079,XOM UN Equity,US,113.25
401,2024-07-10,BRK.B,44925,BRK/B UN Equity,US,413.79
402,2024-07-10,CMB,37965,JPM UN Equity,US,207.8
403,2024-07-10,MSFT,52712,MSFT UW Equity,US,466.25
404,2024-07-10,NVDA,53501,NVDA UW Equity,US,134.91
405,2024-07-10,XOM,25079,XOM UN Equity,US,111.92
406,2024-07-09,BRK.B,44925,BRK/B UN Equity,US,410.52
407,2024-07-09,CMB,37965,JPM UN Equity,US,207.63
408,2024-07-09,MSFT,52712,MSFT UW Equity,US,459.54
409,2024-07-09,NVDA,53501,NVDA UW Equity,US,131.38
410,2024-07-09,XOM,25079,XOM UN Equity,US,110.94
411,2024-07-08,BRK.B,44925,BRK/B UN Equity,US,409.08
412,2024-07-08,CMB,37965,JPM UN Equity,US,205.17
413,2024-07-08,MSFT,52712,MSFT UW Equity,US,466.24
414,2024-07-08,NVDA,53501,NVDA UW Equity,US,128.2
415,2024-07-08,XOM,25079,XOM UN Equity,US,112.18
416,2024-07-05,BRK.B,44925,BRK/B UN Equity,US,411.17
417,2024-07-05,CMB,37965,JPM UN Equity,US,204.79
418,2024-07-05,MSFT,52712,MSFT UW Equity,US,467.56
419,2024-07-05,NVDA,53501,NVDA UW Equity,US,125.83
420,2024-07-05,XOM,25079,XOM UN Equity,US,113.37
421,2024-07-03,BRK.B,44925,BRK/B UN Equity,US,405.77
422,2024-07-03,CMB,37965,JPM UN Equity,US,208.69
423,2024-07-03,MSFT,52712,MSFT UW Equity,US,460.77
424,2024-07-03,NVDA,53501,NVDA UW Equity,US,128.28
425,2024-07-03,XOM,25079,XOM UN Equity,US,114.76
426,2024-07-02,BRK.B,44925,BRK/B UN Equity,US,407.1
427,2024-07-02,CMB,37965,JPM UN Equity,US,208.83
428,2024-07-02,MSFT,52712,MSFT UW Equity,US,459.28
429,2024-07-02,NVDA,53501,NVDA UW Equity,US,122.67
430,2024-07-02,XOM,25079,XOM UN Equity,US,114.18
431,2024-07-01,BRK.B,44925,BRK/B UN Equity,US,405.19
432,2024-07-01,CMB,37965,JPM UN Equity,US,205.45
433,2024-07-01,MSFT,52712,MSFT UW Equity,US,456.73
434,2024-07-01,NVDA,53501,NVDA UW Equity,US,124.3
435,2024-07-01,XOM,25079,XOM UN Equity,US,114.96
436,2024-06-28,BRK.B,44925,BRK/B UN Equity,US,406.8
437,2024-06-28,CMB,37965,JPM UN Equity,US,202.26
438,2024-06-28,MSFT,52712,MSFT UW Equity,US,446.95
439,2024-06-28,NVDA,53501,NVDA UW Equity,US,123.54
440,2024-06-28,XOM,25079,XOM UN Equity,US,115.12
441,2024-06-27,BRK.B,44925,BRK/B UN Equity,US,407.95
442,2024-06-27,CMB,37965,JPM UN Equity,US,199.17
443,2024-06-27,MSFT,52712,MSFT UW Equity,US,452.85
444,2024-06-27,NVDA,53501,NVDA UW Equity,US,123.99
445,2024-06-27,XOM,25079,XOM UN Equity,US,114.9
446,2024-06-26,BRK.B,44925,BRK/B UN Equity,US,410.26
447,2024-06-26,CMB,37965,JPM UN Equity,US,197.43
448,2024-06-26,MSFT,52712,MSFT UW Equity,US,452.16
449,2024-06-26,NVDA,53501,NVDA UW Equity,US,126.4
450,2024-06-26,XOM,25079,XOM UN Equity,US,114.41
451,2024-06-25,BRK.B,44925,BRK/B UN Equity,US,410.97
452,2024-06-25,CMB,37965,JPM UN Equity,US,198.07
453,2024-06-25,MSFT,52712,MSFT UW Equity,US,450.95
454,2024-06-25,NVDA,53501,NVDA UW Equity,US,126.09
455,2024-06-25,XOM,25079,XOM UN Equity,US,114.37
456,2024-06-24,BRK.B,44925,BRK/B UN Equity,US,413.98
457,2024-06-24,CMB,37965,JPM UN Equity,US,198.88
458,2024-06-24,MSFT,52712,MSFT UW Equity,US,447.67
459,2024-06-24,NVDA,53501,NVDA UW Equity,US,118.11
460,2024-06-24,XOM,25079,XOM UN Equity,US,114.05
461,2024-06-21,BRK.B,44925,BRK/B UN Equity,US,409.62
462,2024-06-21,CMB,37965,JPM UN Equity,US,196.3
463,2024-06-21,MSFT,52712,MSFT UW Equity,US,449.78
464,2024-06-21,NVDA,53501,NVDA UW Equity,US,126.57
465,2024-06-21,XOM,25079,XOM UN Equity,US,110.76
466,2024-06-20,BRK.B,44925,BRK/B UN Equity,US,409.15
467,2024-06-20,CMB,37965,JPM UN Equity,US,198.67
468,2024-06-20,MSFT,52712,MSFT UW Equity,US,445.7
469,2024-06-20,NVDA,53501,NVDA UW Equity,US,130.78
470,2024-06-20,XOM,25079,XOM UN Equity,US,111.74
471,2024-06-18,BRK.B,44925,BRK/B UN Equity,US,407.95
472,2024-06-18,CMB,37965,JPM UN Equity,US,197
473,2024-06-18,MSFT,52712,MSFT UW Equity,US,446.34
474,2024-06-18,NVDA,53501,NVDA UW Equity,US,135.58
475,2024-06-18,XOM,25079,XOM UN Equity,US,109.38
476,2024-06-17,BRK.B,44925,BRK/B UN Equity,US,407.32
477,2024-06-17,CMB,37965,JPM UN Equity,US,194.98
478,2024-06-17,MSFT,52712,MSFT UW Equity,US,448.37
479,2024-06-17,NVDA,53501,NVDA UW Equity,US,130.98
480,2024-06-17,XOM,25079,XOM UN Equity,US,108.36
481,2024-06-14,BRK.B,44925,BRK/B UN Equity,US,405.54
482,2024-06-14,CMB,37965,JPM UN Equity,US,193.78
483,2024-06-14,MSFT,52712,MSFT UW Equity,US,442.57
484,2024-06-14,NVDA,53501,NVDA UW Equity,US,131.88
485,2024-06-14,XOM,25079,XOM UN Equity,US,109.11
486,2024-06-13,BRK.B,44925,BRK/B UN Equity,US,405.92
487,2024-06-13,CMB,37965,JPM UN Equity,US,193.66
488,2024-06-13,MSFT,52712,MSFT UW Equity,US,441.58
489,2024-06-13,NVDA,53501,NVDA UW Equity,US,129.61
490,2024-06-13,XOM,25079,XOM UN Equity,US,110.04
491,2024-06-12,BRK.B,44925,BRK/B UN Equity,US,408.77
492,2024-06-12,CMB,37965,JPM UN Equity,US,191.53
493,2024-06-12,MSFT,52712,MSFT UW Equity,US,441.06
494,2024-06-12,NVDA,53501,NVDA UW Equity,US,125.2
495,2024-06-12,XOM,25079,XOM UN Equity,US,110.93
496,2024-06-11,BRK.B,44925,BRK/B UN Equity,US,408.5
497,2024-06-11,CMB,37965,JPM UN Equity,US,194.36
498,2024-06-11,MSFT,52712,MSFT UW Equity,US,432.68
499,2024-06-11,NVDA,53501,NVDA UW Equity,US,120.91
500,2024-06-11,XOM,25079,XOM UN Equity,US,112.17
501,2024-06-10,BRK.B,44925,BRK/B UN Equity,US,410.81
502,2024-06-10,CMB,37965,JPM UN Equity,US,199.61
503,2024-06-10,MSFT,52712,MSFT UW Equity,US,427.87
504,2024-06-10,NVDA,53501,NVDA UW Equity,US,121.79
505,2024-06-10,XOM,25079,XOM UN Equity,US,113.08
506,2024-06-07,BRK.B,44925,BRK/B UN Equity,US,413.72
507,2024-06-07,CMB,37965,JPM UN Equity,US,199.95
508,2024-06-07,MSFT,52712,MSFT UW Equity,US,423.85
509,2024-06-07,NVDA,53501,NVDA UW Equity,US,1208.88
510,2024-06-07,XOM,25079,XOM UN Equity,US,112.75
511,2024-06-06,BRK.B,44925,BRK/B UN Equity,US,411.08
512,2024-06-06,CMB,37965,JPM UN Equity,US,196.91
513,2024-06-06,MSFT,52712,MSFT UW Equity,US,424.52
514,2024-06-06,NVDA,53501,NVDA UW Equity,US,1209.98
515,2024-06-06,XOM,25079,XOM UN Equity,US,113.97
516,2024-06-05,BRK.B,44925,BRK/B UN Equity,US,409.85
517,2024-06-05,CMB,37965,JPM UN Equity,US,197.26
518,2024-06-05,MSFT,52712,MSFT UW Equity,US,424.01
519,2024-06-05,NVDA,53501,NVDA UW Equity,US,1224.4
520,2024-06-05,XOM,25079,XOM UN Equity,US,113.12
521,2024-06-04,BRK.B,44925,BRK/B UN Equity,US,409.53
522,2024-06-04,CMB,37965,JPM UN Equity,US,199.16
523,2024-06-04,MSFT,52712,MSFT UW Equity,US,416.07
524,2024-06-04,NVDA,53501,NVDA UW Equity,US,1164.37
525,2024-06-04,XOM,25079,XOM UN Equity,US,112.67
526,2024-06-03,BRK.B,44925,BRK/B UN Equity,US,414.79
527,2024-06-03,CMB,37965,JPM UN Equity,US,201.82
528,2024-06-03,MSFT,52712,MSFT UW Equity,US,413.52
529,2024-06-03,NVDA,53501,NVDA UW Equity,US,1150
530,2024-06-03,XOM,25079,XOM UN Equity,US,114.45
531,2024-05-31,BRK.B,44925,BRK/B UN Equity,US,414.4
532,2024-05-31,CMB,37965,JPM UN Equity,US,202.63
533,2024-05-31,MSFT,52712,MSFT UW Equity,US,415.13
534,2024-05-31,NVDA,53501,NVDA UW Equity,US,1096.33
535,2024-05-31,XOM,25079,XOM UN Equity,US,117.26
536,2024-05-30,BRK.B,44925,BRK/B UN Equity,US,408.61
537,2024-05-30,CMB,37965,JPM UN Equity,US,199.33
538,2024-05-30,MSFT,52712,MSFT UW Equity,US,414.67
539,2024-05-30,NVDA,53501,NVDA UW Equity,US,1105
540,2024-05-30,XOM,25079,XOM UN Equity,US,113.99
541,2024-05-29,BRK.B,44925,BRK/B UN Equity,US,404.09
542,2024-05-29,CMB,37965,JPM UN Equity,US,198.11
543,2024-05-29,MSFT,52712,MSFT UW Equity,US,429.17
544,2024-05-29,NVDA,53501,NVDA UW Equity,US,1148.25
545,2024-05-29,XOM,25079,XOM UN Equity,US,113.63
546,2024-05-28,BRK.B,44925,BRK/B UN Equity,US,403.9
547,2024-05-28,CMB,37965,JPM UN Equity,US,199.5
548,2024-05-28,MSFT,52712,MSFT UW Equity,US,430.32
549,2024-05-28,NVDA,53501,NVDA UW Equity,US,1139.01
550,2024-05-28,XOM,25079,XOM UN Equity,US,114.86
551,2024-05-24,BRK.B,44925,BRK/B UN Equity,US,407.41
552,2024-05-24,CMB,37965,JPM UN Equity,US,200.71
553,2024-05-24,MSFT,52712,MSFT UW Equity,US,430.16
554,2024-05-24,NVDA,53501,NVDA UW Equity,US,1064.69
555,2024-05-24,XOM,25079,XOM UN Equity,US,113.42
556,2024-05-23,BRK.B,44925,BRK/B UN Equity,US,405.88
557,2024-05-23,CMB,37965,JPM UN Equity,US,196.92
558,2024-05-23,MSFT,52712,MSFT UW Equity,US,427
559,2024-05-23,NVDA,53501,NVDA UW Equity,US,1037.99
560,2024-05-23,XOM,25079,XOM UN Equity,US,113.51
561,2024-05-22,BRK.B,44925,BRK/B UN Equity,US,413.99
562,2024-05-22,CMB,37965,JPM UN Equity,US,198.31
563,2024-05-22,MSFT,52712,MSFT UW Equity,US,430.52
564,2024-05-22,NVDA,53501,NVDA UW Equity,US,949.5
565,2024-05-22,XOM,25079,XOM UN Equity,US,115.48
566,2024-05-21,BRK.B,44925,BRK/B UN Equity,US,414.37
567,2024-05-21,CMB,37965,JPM UN Equity,US,199.52
568,2024-05-21,MSFT,52712,MSFT UW Equity,US,429.04
569,2024-05-21,NVDA,53501,NVDA UW Equity,US,953.86
570,2024-05-21,XOM,25079,XOM UN Equity,US,117.85
571,2024-05-20,BRK.B,44925,BRK/B UN Equity,US,413
572,2024-05-20,CMB,37965,JPM UN Equity,US,195.58
573,2024-05-20,MSFT,52712,MSFT UW Equity,US,425.34
574,2024-05-20,NVDA,53501,NVDA UW Equity,US,947.8
575,2024-05-20,XOM,25079,XOM UN Equity,US,118.67
576,2024-05-17,BRK.B,44925,BRK/B UN Equity,US,416.94
577,2024-05-17,CMB,37965,JPM UN Equity,US,204.79
578,2024-05-17,MSFT,52712,MSFT UW Equity,US,420.21
579,2024-05-17,NVDA,53501,NVDA UW Equity,US,924.79
580,2024-05-17,XOM,25079,XOM UN Equity,US,119.64
581,2024-05-16,BRK.B,44925,BRK/B UN Equity,US,413.12
582,2024-05-16,CMB,37965,JPM UN Equity,US,202.47
583,2024-05-16,MSFT,52712,MSFT UW Equity,US,420.99
584,2024-05-16,NVDA,53501,NVDA UW Equity,US,943.59
585,2024-05-16,XOM,25079,XOM UN Equity,US,117.87
586,2024-05-15,BRK.B,44925,BRK/B UN Equity,US,412.76
587,2024-05-15,CMB,37965,JPM UN Equity,US,202.11
588,2024-05-15,MSFT,52712,MSFT UW Equity,US,423.08
589,2024-05-15,NVDA,53501,NVDA UW Equity,US,946.3
590,2024-05-15,XOM,25079,XOM UN Equity,US,118.58
591,2024-05-14,BRK.B,44925,BRK/B UN Equity,US,410.24
592,2024-05-14,CMB,37965,JPM UN Equity,US,201.51
593,2024-05-14,MSFT,52712,MSFT UW Equity,US,416.56
594,2024-05-14,NVDA,53501,NVDA UW Equity,US,913.56
595,2024-05-14,XOM,25079,XOM UN Equity,US,117.67
596,2024-05-13,BRK.B,44925,BRK/B UN Equity,US,411.22
597,2024-05-13,CMB,37965,JPM UN Equity,US,198.73
598,2024-05-13,MSFT,52712,MSFT UW Equity,US,413.72
599,2024-05-13,NVDA,53501,NVDA UW Equity,US,903.99
600,2024-05-13,XOM,25079,XOM UN Equity,US,117.91
601,2024-05-10,BRK.B,44925,BRK/B UN Equity,US,412.05
602,2024-05-10,CMB,37965,JPM UN Equity,US,198.77
603,2024-05-10,MSFT,52712,MSFT UW Equity,US,414.74
604,2024-05-10,NVDA,53501,NVDA UW Equity,US,898.78
605,2024-05-10,XOM,25079,XOM UN Equity,US,117.96
606,2024-05-09,BRK.B,44925,BRK/B UN Equity,US,408.82
607,2024-05-09,CMB,37965,JPM UN Equity,US,197.5
608,2024-05-09,MSFT,52712,MSFT UW Equity,US,412.32
609,2024-05-09,NVDA,53501,NVDA UW Equity,US,887.47
610,2024-05-09,XOM,25079,XOM UN Equity,US,118.44
611,2024-05-08,BRK.B,44925,BRK/B UN Equity,US,406.37
612,2024-05-08,CMB,37965,JPM UN Equity,US,195.65
613,2024-05-08,MSFT,52712,MSFT UW Equity,US,410.54
614,2024-05-08,NVDA,53501,NVDA UW Equity,US,904.12
615,2024-05-08,XOM,25079,XOM UN Equity,US,116.15
616,2024-05-07,BRK.B,44925,BRK/B UN Equity,US,406.14
617,2024-05-07,CMB,37965,JPM UN Equity,US,191.75
618,2024-05-07,MSFT,52712,MSFT UW Equity,US,409.34
619,2024-05-07,NVDA,53501,NVDA UW Equity,US,905.54
620,2024-05-07,XOM,25079,XOM UN Equity,US,116.17
621,2024-05-06,BRK.B,44925,BRK/B UN Equity,US,404.92
622,2024-05-06,CMB,37965,JPM UN Equity,US,192
623,2024-05-06,MSFT,52712,MSFT UW Equity,US,413.54
624,2024-05-06,NVDA,53501,NVDA UW Equity,US,921.4
625,2024-05-06,XOM,25079,XOM UN Equity,US,116.75
626,2024-05-03,BRK.B,44925,BRK/B UN Equity,US,400.87
627,2024-05-03,CMB,37965,JPM UN Equity,US,190.51
628,2024-05-03,MSFT,52712,MSFT UW Equity,US,406.66
629,2024-05-03,NVDA,53501,NVDA UW Equity,US,887.89
630,2024-05-03,XOM,25079,XOM UN Equity,US,116
631,2024-05-02,BRK.B,44925,BRK/B UN Equity,US,400.6
632,2024-05-02,CMB,37965,JPM UN Equity,US,191.66
633,2024-05-02,MSFT,52712,MSFT UW Equity,US,397.84
634,2024-05-02,NVDA,53501,NVDA UW Equity,US,858.17
635,2024-05-02,XOM,25079,XOM UN Equity,US,116.24
636,2024-05-01,BRK.B,44925,BRK/B UN Equity,US,398.58
637,2024-05-01,CMB,37965,JPM UN Equity,US,191.86
638,2024-05-01,MSFT,52712,MSFT UW Equity,US,394.94
639,2024-05-01,NVDA,53501,NVDA UW Equity,US,830.41
640,2024-05-01,XOM,25079,XOM UN Equity,US,116.03
641,2024-04-30,BRK.B,44925,BRK/B UN Equity,US,396.73
642,2024-04-30,CMB,37965,JPM UN Equity,US,191.74
643,2024-04-30,MSFT,52712,MSFT UW Equity,US,389.33
644,2024-04-30,NVDA,53501,NVDA UW Equity,US,864.02
645,2024-04-30,XOM,25079,XOM UN Equity,US,118.27
646,2024-04-29,BRK.B,44925,BRK/B UN Equity,US,400.96
647,2024-04-29,CMB,37965,JPM UN Equity,US,193.28
648,2024-04-29,MSFT,52712,MSFT UW Equity,US,402.25
649,2024-04-29,NVDA,53501,NVDA UW Equity,US,877.57
650,2024-04-29,XOM,25079,XOM UN Equity,US,119.64
651,2024-04-26,BRK.B,44925,BRK/B UN Equity,US,402.1
652,2024-04-26,CMB,37965,JPM UN Equity,US,193.49
653,2024-04-26,MSFT,52712,MSFT UW Equity,US,406.32
654,2024-04-26,NVDA,53501,NVDA UW Equity,US,877.35
655,2024-04-26,XOM,25079,XOM UN Equity,US,117.96
656,2024-04-25,BRK.B,44925,BRK/B UN Equity,US,404.91
657,2024-04-25,CMB,37965,JPM UN Equity,US,193.37
658,2024-04-25,MSFT,52712,MSFT UW Equity,US,399.04
659,2024-04-25,NVDA,53501,NVDA UW Equity,US,826.32
660,2024-04-25,XOM,25079,XOM UN Equity,US,121.33
661,2024-04-24,BRK.B,44925,BRK/B UN Equity,US,405.95
662,2024-04-24,CMB,37965,JPM UN Equity,US,193.08
663,2024-04-24,MSFT,52712,MSFT UW Equity,US,409.06
664,2024-04-24,NVDA,53501,NVDA UW Equity,US,796.77
665,2024-04-24,XOM,25079,XOM UN Equity,US,121.05
666,2024-04-23,BRK.B,44925,BRK/B UN Equity,US,408.74
667,2024-04-23,CMB,37965,JPM UN Equity,US,192.14
668,2024-04-23,MSFT,52712,MSFT UW Equity,US,407.57
669,2024-04-23,NVDA,53501,NVDA UW Equity,US,824.23
670,2024-04-23,XOM,25079,XOM UN Equity,US,121.03
671,2024-04-22,BRK.B,44925,BRK/B UN Equity,US,408.78
672,2024-04-22,CMB,37965,JPM UN Equity,US,189.41
673,2024-04-22,MSFT,52712,MSFT UW Equity,US,400.96
674,2024-04-22,NVDA,53501,NVDA UW Equity,US,795.18
675,2024-04-22,XOM,25079,XOM UN Equity,US,120.56
676,2024-04-19,BRK.B,44925,BRK/B UN Equity,US,405.08
677,2024-04-19,CMB,37965,JPM UN Equity,US,185.8
678,2024-04-19,MSFT,52712,MSFT UW Equity,US,399.12
679,2024-04-19,NVDA,53501,NVDA UW Equity,US,762
680,2024-04-19,XOM,25079,XOM UN Equity,US,119.88
681,2024-04-18,BRK.B,44925,BRK/B UN Equity,US,399.89
682,2024-04-18,CMB,37965,JPM UN Equity,US,181.25
683,2024-04-18,MSFT,52712,MSFT UW Equity,US,404.27
684,2024-04-18,NVDA,53501,NVDA UW Equity,US,846.71
685,2024-04-18,XOM,25079,XOM UN Equity,US,118.52
686,2024-04-17,BRK.B,44925,BRK/B UN Equity,US,397.74
687,2024-04-17,CMB,37965,JPM UN Equity,US,180.08
688,2024-04-17,MSFT,52712,MSFT UW Equity,US,411.84
689,2024-04-17,NVDA,53501,NVDA UW Equity,US,840.35
690,2024-04-17,XOM,25079,XOM UN Equity,US,118.63
691,2024-04-16,BRK.B,44925,BRK/B UN Equity,US,396.92
692,2024-04-16,CMB,37965,JPM UN Equity,US,180.8
693,2024-04-16,MSFT,52712,MSFT UW Equity,US,414.58
694,2024-04-16,NVDA,53501,NVDA UW Equity,US,874.15
695,2024-04-16,XOM,25079,XOM UN Equity,US,118.69
696,2024-04-15,BRK.B,44925,BRK/B UN Equity,US,400.26
697,2024-04-15,CMB,37965,JPM UN Equity,US,182.89
698,2024-04-15,MSFT,52712,MSFT UW Equity,US,413.64
699,2024-04-15,NVDA,53501,NVDA UW Equity,US,860.01
700,2024-04-15,XOM,25079,XOM UN Equity,US,119.68
701,2024-04-12,BRK.B,44925,BRK/B UN Equity,US,403.26
702,2024-04-12,CMB,37965,JPM UN Equity,US,182.79
703,2024-04-12,MSFT,52712,MSFT UW Equity,US,421.9
704,2024-04-12,NVDA,53501,NVDA UW Equity,US,881.86
705,2024-04-12,XOM,25079,XOM UN Equity,US,120.37
706,2024-04-11,BRK.B,44925,BRK/B UN Equity,US,407.61
707,2024-04-11,CMB,37965,JPM UN Equity,US,195.43
708,2024-04-11,MSFT,52712,MSFT UW Equity,US,427.93
709,2024-04-11,NVDA,53501,NVDA UW Equity,US,906.16
710,2024-04-11,XOM,25079,XOM UN Equity,US,121.79
711,2024-04-10,BRK.B,44925,BRK/B UN Equity,US,409.11
712,2024-04-10,CMB,37965,JPM UN Equity,US,195.47
713,2024-04-10,MSFT,52712,MSFT UW Equity,US,423.26
714,2024-04-10,NVDA,53501,NVDA UW Equity,US,870.39
715,2024-04-10,XOM,25079,XOM UN Equity,US,122.2
716,2024-04-09,BRK.B,44925,BRK/B UN Equity,US,414.69
717,2024-04-09,CMB,37965,JPM UN Equity,US,197.15
718,2024-04-09,MSFT,52712,MSFT UW Equity,US,426.28
719,2024-04-09,NVDA,53501,NVDA UW Equity,US,853.54
720,2024-04-09,XOM,25079,XOM UN Equity,US,121.18
721,2024-04-08,BRK.B,44925,BRK/B UN Equity,US,415.97
722,2024-04-08,CMB,37965,JPM UN Equity,US,198.48
723,2024-04-08,MSFT,52712,MSFT UW Equity,US,424.59
724,2024-04-08,NVDA,53501,NVDA UW Equity,US,871.33
725,2024-04-08,XOM,25079,XOM UN Equity,US,120.55
726,2024-04-05,BRK.B,44925,BRK/B UN Equity,US,418.62
727,2024-04-05,CMB,37965,JPM UN Equity,US,197.45
728,2024-04-05,MSFT,52712,MSFT UW Equity,US,425.52
729,2024-04-05,NVDA,53501,NVDA UW Equity,US,880.08
730,2024-04-05,XOM,25079,XOM UN Equity,US,121.37
731,2024-04-04,BRK.B,44925,BRK/B UN Equity,US,415.32
732,2024-04-04,CMB,37965,JPM UN Equity,US,195.65
733,2024-04-04,MSFT,52712,MSFT UW Equity,US,417.88
734,2024-04-04,NVDA,53501,NVDA UW Equity,US,859.05
735,2024-04-04,XOM,25079,XOM UN Equity,US,119.72
736,2024-04-03,BRK.B,44925,BRK/B UN Equity,US,420.24
737,2024-04-03,CMB,37965,JPM UN Equity,US,198.3
738,2024-04-03,MSFT,52712,MSFT UW Equity,US,420.45
739,2024-04-03,NVDA,53501,NVDA UW Equity,US,889.64
740,2024-04-03,XOM,25079,XOM UN Equity,US,119.3
741,2024-04-02,BRK.B,44925,BRK/B UN Equity,US,418.92
742,2024-04-02,CMB,37965,JPM UN Equity,US,198.86
743,2024-04-02,MSFT,52712,MSFT UW Equity,US,421.44
744,2024-04-02,NVDA,53501,NVDA UW Equity,US,894.52
745,2024-04-02,XOM,25079,XOM UN Equity,US,119.28
746,2024-04-01,BRK.B,44925,BRK/B UN Equity,US,420.2
747,2024-04-01,CMB,37965,JPM UN Equity,US,198.94
748,2024-04-01,MSFT,52712,MSFT UW Equity,US,424.57
749,2024-04-01,NVDA,53501,NVDA UW Equity,US,903.63
750,2024-04-01,XOM,25079,XOM UN Equity,US,116.99
751,2024-03-28,BRK.B,44925,BRK/B UN Equity,US,420.52
752,2024-03-28,CMB,37965,JPM UN Equity,US,200.3
753,2024-03-28,MSFT,52712,MSFT UW Equity,US,420.72
754,2024-03-28,NVDA,53501,NVDA UW Equity,US,903.56
755,2024-03-28,XOM,25079,XOM UN Equity,US,116.24
756,2024-03-27,BRK.B,44925,BRK/B UN Equity,US,416.93
757,2024-03-27,CMB,37965,JPM UN Equity,US,199.52
758,2024-03-27,MSFT,52712,MSFT UW Equity,US,421.43
759,2024-03-27,NVDA,53501,NVDA UW Equity,US,902.5
760,2024-03-27,XOM,25079,XOM UN Equity,US,114.97
761,2024-03-26,BRK.B,44925,BRK/B UN Equity,US,411.57
762,2024-03-26,CMB,37965,JPM UN Equity,US,195.73
763,2024-03-26,MSFT,52712,MSFT UW Equity,US,421.65
764,2024-03-26,NVDA,53501,NVDA UW Equity,US,925.61
765,2024-03-26,XOM,25079,XOM UN Equity,US,113.79
766,2024-03-25,BRK.B,44925,BRK/B UN Equity,US,409.92
767,2024-03-25,CMB,37965,JPM UN Equity,US,194.82
768,2024-03-25,MSFT,52712,MSFT UW Equity,US,422.86
769,2024-03-25,NVDA,53501,NVDA UW Equity,US,950.02
770,2024-03-25,XOM,25079,XOM UN Equity,US,114.65
771,2024-03-22,BRK.B,44925,BRK/B UN Equity,US,411.6
772,2024-03-22,CMB,37965,JPM UN Equity,US,196.62
773,2024-03-22,MSFT,52712,MSFT UW Equity,US,428.74
774,2024-03-22,NVDA,53501,NVDA UW Equity,US,942.89
775,2024-03-22,XOM,25079,XOM UN Equity,US,113.49
776,2024-03-21,BRK.B,44925,BRK/B UN Equity,US,413.78
777,2024-03-21,CMB,37965,JPM UN Equity,US,199.06
778,2024-03-21,MSFT,52712,MSFT UW Equity,US,429.37
779,2024-03-21,NVDA,53501,NVDA UW Equity,US,914.35
780,2024-03-21,XOM,25079,XOM UN Equity,US,113.49
781,2024-03-20,BRK.B,44925,BRK/B UN Equity,US,416.11
782,2024-03-20,CMB,37965,JPM UN Equity,US,196.33
783,2024-03-20,MSFT,52712,MSFT UW Equity,US,425.23
784,2024-03-20,NVDA,53501,NVDA UW Equity,US,903.72
785,2024-03-20,XOM,25079,XOM UN Equity,US,112.99
786,2024-03-19,BRK.B,44925,BRK/B UN Equity,US,411.76
787,2024-03-19,CMB,37965,JPM UN Equity,US,193.79
788,2024-03-19,MSFT,52712,MSFT UW Equity,US,421.41
789,2024-03-19,NVDA,53501,NVDA UW Equity,US,893.98
790,2024-03-19,XOM,25079,XOM UN Equity,US,113.09
791,2024-03-18,BRK.B,44925,BRK/B UN Equity,US,408.41
792,2024-03-18,CMB,37965,JPM UN Equity,US,192.66
793,2024-03-18,MSFT,52712,MSFT UW Equity,US,417.32
794,2024-03-18,NVDA,53501,NVDA UW Equity,US,884.55
795,2024-03-18,XOM,25079,XOM UN Equity,US,112.3
796,2024-03-15,BRK.B,44925,BRK/B UN Equity,US,408.13
797,2024-03-15,CMB,37965,JPM UN Equity,US,190.3
798,2024-03-15,MSFT,52712,MSFT UW Equity,US,416.42
799,2024-03-15,NVDA,53501,NVDA UW Equity,US,878.365
800,2024-03-15,XOM,25079,XOM UN Equity,US,111.27
801,2024-03-14,BRK.B,44925,BRK/B UN Equity,US,406.73
802,2024-03-14,CMB,37965,JPM UN Equity,US,187.97
803,2024-03-14,MSFT,52712,MSFT UW Equity,US,425.22
804,2024-03-14,NVDA,53501,NVDA UW Equity,US,879.44
805,2024-03-14,XOM,25079,XOM UN Equity,US,111.47
806,2024-03-13,BRK.B,44925,BRK/B UN Equity,US,408.13
807,2024-03-13,CMB,37965,JPM UN Equity,US,191.38
808,2024-03-13,MSFT,52712,MSFT UW Equity,US,415.1
809,2024-03-13,NVDA,53501,NVDA UW Equity,US,908.88
810,2024-03-13,XOM,25079,XOM UN Equity,US,109.53
811,2024-03-12,BRK.B,44925,BRK/B UN Equity,US,404.98
812,2024-03-12,CMB,37965,JPM UN Equity,US,189.84
813,2024-03-12,MSFT,52712,MSFT UW Equity,US,415.28
814,2024-03-12,NVDA,53501,NVDA UW Equity,US,919.13
815,2024-03-12,XOM,25079,XOM UN Equity,US,108.32
816,2024-03-11,BRK.B,44925,BRK/B UN Equity,US,404.76
817,2024-03-11,CMB,37965,JPM UN Equity,US,188.29
818,2024-03-11,MSFT,52712,MSFT UW Equity,US,404.52
819,2024-03-11,NVDA,53501,NVDA UW Equity,US,857.74
820,2024-03-11,XOM,25079,XOM UN Equity,US,109.02
821,2024-03-08,BRK.B,44925,BRK/B UN Equity,US,403.15
822,2024-03-08,CMB,37965,JPM UN Equity,US,188.22
823,2024-03-08,MSFT,52712,MSFT UW Equity,US,406.22
824,2024-03-08,NVDA,53501,NVDA UW Equity,US,875.28
825,2024-03-08,XOM,25079,XOM UN Equity,US,108.38
826,2024-03-07,BRK.B,44925,BRK/B UN Equity,US,402.39
827,2024-03-07,CMB,37965,JPM UN Equity,US,187.87
828,2024-03-07,MSFT,52712,MSFT UW Equity,US,409.14
829,2024-03-07,NVDA,53501,NVDA UW Equity,US,926.69
830,2024-03-07,XOM,25079,XOM UN Equity,US,107.37
831,2024-03-06,BRK.B,44925,BRK/B UN Equity,US,403.96
832,2024-03-06,CMB,37965,JPM UN Equity,US,189.53
833,2024-03-06,MSFT,52712,MSFT UW Equity,US,402.09
834,2024-03-06,NVDA,53501,NVDA UW Equity,US,887
835,2024-03-06,XOM,25079,XOM UN Equity,US,106.77
836,2024-03-05,BRK.B,44925,BRK/B UN Equity,US,400.74
837,2024-03-05,CMB,37965,JPM UN Equity,US,188.55
838,2024-03-05,MSFT,52712,MSFT UW Equity,US,402.65
839,2024-03-05,NVDA,53501,NVDA UW Equity,US,859.64
840,2024-03-05,XOM,25079,XOM UN Equity,US,105.64
841,2024-03-04,BRK.B,44925,BRK/B UN Equity,US,403.39
842,2024-03-04,CMB,37965,JPM UN Equity,US,186.68
843,2024-03-04,MSFT,52712,MSFT UW Equity,US,414.92
844,2024-03-04,NVDA,53501,NVDA UW Equity,US,852.37
845,2024-03-04,XOM,25079,XOM UN Equity,US,104.36
846,2024-03-01,BRK.B,44925,BRK/B UN Equity,US,407.11
847,2024-03-01,CMB,37965,JPM UN Equity,US,185.29
848,2024-03-01,MSFT,52712,MSFT UW Equity,US,415.5
849,2024-03-01,NVDA,53501,NVDA UW Equity,US,822.79
850,2024-03-01,XOM,25079,XOM UN Equity,US,105.84
851,2024-02-29,BRK.B,44925,BRK/B UN Equity,US,409.4
852,2024-02-29,CMB,37965,JPM UN Equity,US,186.06
853,2024-02-29,MSFT,52712,MSFT UW Equity,US,413.64
854,2024-02-29,NVDA,53501,NVDA UW Equity,US,791.12
855,2024-02-29,XOM,25079,XOM UN Equity,US,104.52
856,2024-02-28,BRK.B,44925,BRK/B UN Equity,US,412.14
857,2024-02-28,CMB,37965,JPM UN Equity,US,184.38
858,2024-02-28,MSFT,52712,MSFT UW Equity,US,407.72
859,2024-02-28,NVDA,53501,NVDA UW Equity,US,776.63
860,2024-02-28,XOM,25079,XOM UN Equity,US,104.32
861,2024-02-27,BRK.B,44925,BRK/B UN Equity,US,408.91
862,2024-02-27,CMB,37965,JPM UN Equity,US,183.45
863,2024-02-27,MSFT,52712,MSFT UW Equity,US,407.48
864,2024-02-27,NVDA,53501,NVDA UW Equity,US,787.01
865,2024-02-27,XOM,25079,XOM UN Equity,US,104.03
866,2024-02-26,BRK.B,44925,BRK/B UN Equity,US,409.14
867,2024-02-26,CMB,37965,JPM UN Equity,US,183.36
868,2024-02-26,MSFT,52712,MSFT UW Equity,US,407.54
869,2024-02-26,NVDA,53501,NVDA UW Equity,US,790.92
870,2024-02-26,XOM,25079,XOM UN Equity,US,104.25
871,2024-02-23,BRK.B,44925,BRK/B UN Equity,US,417.22
872,2024-02-23,CMB,37965,JPM UN Equity,US,183.99
873,2024-02-23,MSFT,52712,MSFT UW Equity,US,410.34
874,2024-02-23,NVDA,53501,NVDA UW Equity,US,788.17
875,2024-02-23,XOM,25079,XOM UN Equity,US,103.84
876,2024-02-22,BRK.B,44925,BRK/B UN Equity,US,415.16
877,2024-02-22,CMB,37965,JPM UN Equity,US,183.07
878,2024-02-22,MSFT,52712,MSFT UW Equity,US,411.65
879,2024-02-22,NVDA,53501,NVDA UW Equity,US,785.38
880,2024-02-22,XOM,25079,XOM UN Equity,US,104.76
881,2024-02-21,BRK.B,44925,BRK/B UN Equity,US,409.25
882,2024-02-21,CMB,37965,JPM UN Equity,US,180.9
883,2024-02-21,MSFT,52712,MSFT UW Equity,US,402.18
884,2024-02-21,NVDA,53501,NVDA UW Equity,US,674.72
885,2024-02-21,XOM,25079,XOM UN Equity,US,104.85
886,2024-02-20,BRK.B,44925,BRK/B UN Equity,US,407.15
887,2024-02-20,CMB,37965,JPM UN Equity,US,179.73
888,2024-02-20,MSFT,52712,MSFT UW Equity,US,402.79
889,2024-02-20,NVDA,53501,NVDA UW Equity,US,694.52
890,2024-02-20,XOM,25079,XOM UN Equity,US,102.75
891,2024-02-16,BRK.B,44925,BRK/B UN Equity,US,405.99
892,2024-02-16,CMB,37965,JPM UN Equity,US,179.03
893,2024-02-16,MSFT,52712,MSFT UW Equity,US,404.06
894,2024-02-16,NVDA,53501,NVDA UW Equity,US,726.13
895,2024-02-16,XOM,25079,XOM UN Equity,US,103.73
896,2024-02-15,BRK.B,44925,BRK/B UN Equity,US,403.45
897,2024-02-15,CMB,37965,JPM UN Equity,US,179.87
898,2024-02-15,MSFT,52712,MSFT UW Equity,US,406.56
899,2024-02-15,NVDA,53501,NVDA UW Equity,US,726.58
900,2024-02-15,XOM,25079,XOM UN Equity,US,103.73
901,2024-02-14,BRK.B,44925,BRK/B UN Equity,US,398.68
902,2024-02-14,CMB,37965,JPM UN Equity,US,176.03
903,2024-02-14,MSFT,52712,MSFT UW Equity,US,409.49
904,2024-02-14,NVDA,53501,NVDA UW Equity,US,739
905,2024-02-14,XOM,25079,XOM UN Equity,US,100.84
906,2024-02-13,BRK.B,44925,BRK/B UN Equity,US,394.8
907,2024-02-13,CMB,37965,JPM UN Equity,US,174.26
908,2024-02-13,MSFT,52712,MSFT UW Equity,US,406.32
909,2024-02-13,NVDA,53501,NVDA UW Equity,US,721.28
910,2024-02-13,XOM,25079,XOM UN Equity,US,101.34
911,2024-02-12,BRK.B,44925,BRK/B UN Equity,US,397.71
912,2024-02-12,CMB,37965,JPM UN Equity,US,175.79
913,2024-02-12,MSFT,52712,MSFT UW Equity,US,415.26
914,2024-02-12,NVDA,53501,NVDA UW Equity,US,722.48
915,2024-02-12,XOM,25079,XOM UN Equity,US,103.17
916,2024-02-09,BRK.B,44925,BRK/B UN Equity,US,398.36
917,2024-02-09,CMB,37965,JPM UN Equity,US,175.01
918,2024-02-09,MSFT,52712,MSFT UW Equity,US,420.55
919,2024-02-09,NVDA,53501,NVDA UW Equity,US,721.33
920,2024-02-09,XOM,25079,XOM UN Equity,US,101.77
921,2024-02-08,BRK.B,44925,BRK/B UN Equity,US,397.49
922,2024-02-08,CMB,37965,JPM UN Equity,US,174.8
923,2024-02-08,MSFT,52712,MSFT UW Equity,US,414.11
924,2024-02-08,NVDA,53501,NVDA UW Equity,US,696.41
925,2024-02-08,XOM,25079,XOM UN Equity,US,103.97
926,2024-02-07,BRK.B,44925,BRK/B UN Equity,US,397.66
927,2024-02-07,CMB,37965,JPM UN Equity,US,175.43
928,2024-02-07,MSFT,52712,MSFT UW Equity,US,414.05
929,2024-02-07,NVDA,53501,NVDA UW Equity,US,700.99
930,2024-02-07,XOM,25079,XOM UN Equity,US,102.22
931,2024-02-06,BRK.B,44925,BRK/B UN Equity,US,393.74
932,2024-02-06,CMB,37965,JPM UN Equity,US,175.1
933,2024-02-06,MSFT,52712,MSFT UW Equity,US,405.49
934,2024-02-06,NVDA,53501,NVDA UW Equity,US,682.23
935,2024-02-06,XOM,25079,XOM UN Equity,US,102.25
936,2024-02-05,BRK.B,44925,BRK/B UN Equity,US,390.76
937,2024-02-05,CMB,37965,JPM UN Equity,US,174.5
938,2024-02-05,MSFT,52712,MSFT UW Equity,US,405.65
939,2024-02-05,NVDA,53501,NVDA UW Equity,US,693.32
940,2024-02-05,XOM,25079,XOM UN Equity,US,101.55
941,2024-02-02,BRK.B,44925,BRK/B UN Equity,US,390.75
942,2024-02-02,CMB,37965,JPM UN Equity,US,174.73
943,2024-02-02,MSFT,52712,MSFT UW Equity,US,411.22
944,2024-02-02,NVDA,53501,NVDA UW Equity,US,661.6
945,2024-02-02,XOM,25079,XOM UN Equity,US,101.97
946,2024-02-01,BRK.B,44925,BRK/B UN Equity,US,386.44
947,2024-02-01,CMB,37965,JPM UN Equity,US,173.73
948,2024-02-01,MSFT,52712,MSFT UW Equity,US,403.78
949,2024-02-01,NVDA,53501,NVDA UW Equity,US,630.27
950,2024-02-01,XOM,25079,XOM UN Equity,US,102.39
951,2024-01-31,BRK.B,44925,BRK/B UN Equity,US,383.74
952,2024-01-31,CMB,37965,JPM UN Equity,US,174.36
953,2024-01-31,MSFT,52712,MSFT UW Equity,US,397.58
954,2024-01-31,NVDA,53501,NVDA UW Equity,US,615.27
955,2024-01-31,XOM,25079,XOM UN Equity,US,102.81
956,2024-01-30,BRK.B,44925,BRK/B UN Equity,US,387.15
957,2024-01-30,CMB,37965,JPM UN Equity,US,176.27
958,2024-01-30,MSFT,52712,MSFT UW Equity,US,408.59
959,2024-01-30,NVDA,53501,NVDA UW Equity,US,627.74
960,2024-01-30,XOM,25079,XOM UN Equity,US,104.85
961,2024-01-29,BRK.B,44925,BRK/B UN Equity,US,383.18
962,2024-01-29,CMB,37965,JPM UN Equity,US,172.73
963,2024-01-29,MSFT,52712,MSFT UW Equity,US,409.72
964,2024-01-29,NVDA,53501,NVDA UW Equity,US,624.65
965,2024-01-29,XOM,25079,XOM UN Equity,US,103.13
966,2024-01-26,BRK.B,44925,BRK/B UN Equity,US,385.4
967,2024-01-26,CMB,37965,JPM UN Equity,US,172.28
968,2024-01-26,MSFT,52712,MSFT UW Equity,US,403.93
969,2024-01-26,NVDA,53501,NVDA UW Equity,US,610.31
970,2024-01-26,XOM,25079,XOM UN Equity,US,103
971,2024-01-25,BRK.B,44925,BRK/B UN Equity,US,380.85
972,2024-01-25,CMB,37965,JPM UN Equity,US,172.94
973,2024-01-25,MSFT,52712,MSFT UW Equity,US,404.87
974,2024-01-25,NVDA,53501,NVDA UW Equity,US,616.17
975,2024-01-25,XOM,25079,XOM UN Equity,US,102.13
976,2024-01-24,BRK.B,44925,BRK/B UN Equity,US,376.59
977,2024-01-24,CMB,37965,JPM UN Equity,US,170.5
978,2024-01-24,MSFT,52712,MSFT UW Equity,US,402.56
979,2024-01-24,NVDA,53501,NVDA UW Equity,US,613.62
980,2024-01-24,XOM,25079,XOM UN Equity,US,99.6
981,2024-01-23,BRK.B,44925,BRK/B UN Equity,US,372.14
982,2024-01-23,CMB,37965,JPM UN Equity,US,168.99
983,2024-01-23,MSFT,52712,MSFT UW Equity,US,398.9
984,2024-01-23,NVDA,53501,NVDA UW Equity,US,598.73
985,2024-01-23,XOM,25079,XOM UN Equity,US,97.91
986,2024-01-22,BRK.B,44925,BRK/B UN Equity,US,368.06
987,2024-01-22,CMB,37965,JPM UN Equity,US,170.11
988,2024-01-22,MSFT,52712,MSFT UW Equity,US,396.51
989,2024-01-22,NVDA,53501,NVDA UW Equity,US,596.54
990,2024-01-22,XOM,25079,XOM UN Equity,US,96.82
991,2024-01-19,BRK.B,44925,BRK/B UN Equity,US,366.99
992,2024-01-19,CMB,37965,JPM UN Equity,US,170.31
993,2024-01-19,MSFT,52712,MSFT UW Equity,US,398.67
994,2024-01-19,NVDA,53501,NVDA UW Equity,US,594.91
995,2024-01-19,XOM,25079,XOM UN Equity,US,96.95
996,2024-01-18,BRK.B,44925,BRK/B UN Equity,US,362.38
997,2024-01-18,CMB,37965,JPM UN Equity,US,167.42
998,2024-01-18,MSFT,52712,MSFT UW Equity,US,393.87
999,2024-01-18,NVDA,53501,NVDA UW Equity,US,571.07
1000,2024-01-18,XOM,25079,XOM UN Equity,US,96.8
1001,2024-01-17,BRK.B,44925,BRK/B UN Equity,US,359.29
1002,2024-01-17,CMB,37965,JPM UN Equity,US,167.09
1003,2024-01-17,MSFT,52712,MSFT UW Equity,US,389.47
1004,2024-01-17,NVDA,53501,NVDA UW Equity,US,560.53
1005,2024-01-17,XOM,25079,XOM UN Equity,US,96.98
1006,2024-01-16,BRK.B,44925,BRK/B UN Equity,US,361.1
1007,2024-01-16,CMB,37965,JPM UN Equity,US,167.99
1008,2024-01-16,MSFT,52712,MSFT UW Equity,US,390.27
1009,2024-01-16,NVDA,53501,NVDA UW Equity,US,563.82
1010,2024-01-16,XOM,25079,XOM UN Equity,US,97.69
1011,2024-01-12,BRK.B,44925,BRK/B UN Equity,US,363.62
1012,2024-01-12,CMB,37965,JPM UN Equity,US,169.05
1013,2024-01-12,MSFT,52712,MSFT UW Equity,US,388.47
1014,2024-01-12,NVDA,53501,NVDA UW Equity,US,547.1
1015,2024-01-12,XOM,25079,XOM UN Equity,US,99.95
1016,2024-01-11,BRK.B,44925,BRK/B UN Equity,US,363.34
1017,2024-01-11,CMB,37965,JPM UN Equity,US,170.3
1018,2024-01-11,MSFT,52712,MSFT UW Equity,US,384.63
1019,2024-01-11,NVDA,53501,NVDA UW Equity,US,548.22
1020,2024-01-11,XOM,25079,XOM UN Equity,US,98.67
1021,2024-01-10,BRK.B,44925,BRK/B UN Equity,US,367.92
1022,2024-01-10,CMB,37965,JPM UN Equity,US,171.02
1023,2024-01-10,MSFT,52712,MSFT UW Equity,US,382.77
1024,2024-01-10,NVDA,53501,NVDA UW Equity,US,543.5
1025,2024-01-10,XOM,25079,XOM UN Equity,US,98.69
1026,2024-01-09,BRK.B,44925,BRK/B UN Equity,US,366.9
1027,2024-01-09,CMB,37965,JPM UN Equity,US,170.66
1028,2024-01-09,MSFT,52712,MSFT UW Equity,US,375.79
1029,2024-01-09,NVDA,53501,NVDA UW Equity,US,531.4
1030,2024-01-09,XOM,25079,XOM UN Equity,US,99.67
1031,2024-01-08,BRK.B,44925,BRK/B UN Equity,US,368.18
1032,2024-01-08,CMB,37965,JPM UN Equity,US,172.02
1033,2024-01-08,MSFT,52712,MSFT UW Equity,US,374.69
1034,2024-01-08,NVDA,53501,NVDA UW Equity,US,522.53
1035,2024-01-08,XOM,25079,XOM UN Equity,US,100.92
1036,2024-01-05,BRK.B,44925,BRK/B UN Equity,US,365.59
1037,2024-01-05,CMB,37965,JPM UN Equity,US,172.27
1038,2024-01-05,MSFT,52712,MSFT UW Equity,US,367.75
1039,2024-01-05,NVDA,53501,NVDA UW Equity,US,490.97
1040,2024-01-05,XOM,25079,XOM UN Equity,US,102.63
1041,2024-01-04,BRK.B,44925,BRK/B UN Equity,US,363.68
1042,2024-01-04,CMB,37965,JPM UN Equity,US,171.41
1043,2024-01-04,MSFT,52712,MSFT UW Equity,US,367.94
1044,2024-01-04,NVDA,53501,NVDA UW Equity,US,479.98
1045,2024-01-04,XOM,25079,XOM UN Equity,US,102.32
1046,2024-01-03,BRK.B,44925,BRK/B UN Equity,US,366.75
1047,2024-01-03,CMB,37965,JPM UN Equity,US,171.33
1048,2024-01-03,MSFT,52712,MSFT UW Equity,US,370.6
1049,2024-01-03,NVDA,53501,NVDA UW Equity,US,475.69
1050,2024-01-03,XOM,25079,XOM UN Equity,US,103.22
1051,2024-01-02,BRK.B,44925,BRK/B UN Equity,US,362.46
1052,2024-01-02,CMB,37965,JPM UN Equity,US,172.08
1053,2024-01-02,MSFT,52712,MSFT UW Equity,US,370.87
1054,2024-01-02,NVDA,53501,NVDA UW Equity,US,481.68
1055,2024-01-02,XOM,25079,XOM UN Equity,US,102.36
1056,2023-12-29,BRK.B,44925,BRK/B UN Equity,US,356.66
1057,2023-12-29,CMB,37965,JPM UN Equity,US,170.1
1058,2023-12-29,MSFT,52712,MSFT UW Equity,US,376.04
1059,2023-12-29,NVDA,53501,NVDA UW Equity,US,495.22
1060,2023-12-29,XOM,25079,XOM UN Equity,US,99.98
1061,2023-12-28,BRK.B,44925,BRK/B UN Equity,US,357.57
1062,2023-12-28,CMB,37965,JPM UN Equity,US,170.3
1063,2023-12-28,MSFT,52712,MSFT UW Equity,US,375.28
1064,2023-12-28,NVDA,53501,NVDA UW Equity,US,495.22
1065,2023-12-28,XOM,25079,XOM UN Equity,US,100.19
1066,2023-12-27,BRK.B,44925,BRK/B UN Equity,US,356.95
1067,2023-12-27,CMB,37965,JPM UN Equity,US,169.4
1068,2023-12-27,MSFT,52712,MSFT UW Equity,US,374.07
1069,2023-12-27,NVDA,53501,NVDA UW Equity,US,494.17
1070,2023-12-27,XOM,25079,XOM UN Equity,US,101.66
1071,2023-12-26,BRK.B,44925,BRK/B UN Equity,US,356.83
1072,2023-12-26,CMB,37965,JPM UN Equity,US,168.39
1073,2023-12-26,MSFT,52712,MSFT UW Equity,US,374.66
1074,2023-12-26,NVDA,53501,NVDA UW Equity,US,492.79
1075,2023-12-26,XOM,25079,XOM UN Equity,US,102.14
1076,2023-12-22,BRK.B,44925,BRK/B UN Equity,US,356.47
1077,2023-12-22,CMB,37965,JPM UN Equity,US,167.4
1078,2023-12-22,MSFT,52712,MSFT UW Equity,US,374.58
1079,2023-12-22,NVDA,53501,NVDA UW Equity,US,488.3
1080,2023-12-22,XOM,25079,XOM UN Equity,US,101.91
1081,2023-12-21,BRK.B,44925,BRK/B UN Equity,US,356.14
1082,2023-12-21,CMB,37965,JPM UN Equity,US,167.5
1083,2023-12-21,MSFT,52712,MSFT UW Equity,US,373.54
1084,2023-12-21,NVDA,53501,NVDA UW Equity,US,489.9
1085,2023-12-21,XOM,25079,XOM UN Equity,US,101.73
1086,2023-12-20,BRK.B,44925,BRK/B UN Equity,US,355.35
1087,2023-12-20,CMB,37965,JPM UN Equity,US,166.55
1088,2023-12-20,MSFT,52712,MSFT UW Equity,US,370.62
1089,2023-12-20,NVDA,53501,NVDA UW Equity,US,481.11
1090,2023-12-20,XOM,25079,XOM UN Equity,US,101.27
1091,2023-12-19,BRK.B,44925,BRK/B UN Equity,US,361.8
1092,2023-12-19,CMB,37965,JPM UN Equity,US,168.45
1093,2023-12-19,MSFT,52712,MSFT UW Equity,US,373.26
1094,2023-12-19,NVDA,53501,NVDA UW Equity,US,496.04
1095,2023-12-19,XOM,25079,XOM UN Equity,US,102.99
1096,2023-12-18,BRK.B,44925,BRK/B UN Equity,US,359.65
1097,2023-12-18,CMB,37965,JPM UN Equity,US,166.23
1098,2023-12-18,MSFT,52712,MSFT UW Equity,US,372.65
1099,2023-12-18,NVDA,53501,NVDA UW Equity,US,500.77
1100,2023-12-18,XOM,25079,XOM UN Equity,US,101.65
1101,2023-12-15,BRK.B,44925,BRK/B UN Equity,US,356.5
1102,2023-12-15,CMB,37965,JPM UN Equity,US,165.23
1103,2023-12-15,MSFT,52712,MSFT UW Equity,US,370.73
1104,2023-12-15,NVDA,53501,NVDA UW Equity,US,488.9
1105,2023-12-15,XOM,25079,XOM UN Equity,US,100.9
1106,2023-12-14,BRK.B,44925,BRK/B UN Equity,US,358.12
1107,2023-12-14,CMB,37965,JPM UN Equity,US,163.99
1108,2023-12-14,MSFT,52712,MSFT UW Equity,US,365.93
1109,2023-12-14,NVDA,53501,NVDA UW Equity,US,483.5
1110,2023-12-14,XOM,25079,XOM UN Equity,US,101.58
1111,2023-12-13,BRK.B,44925,BRK/B UN Equity,US,362.03
1112,2023-12-13,CMB,37965,JPM UN Equity,US,161.06
1113,2023-12-13,MSFT,52712,MSFT UW Equity,US,374.37
1114,2023-12-13,NVDA,53501,NVDA UW Equity,US,480.88
1115,2023-12-13,XOM,25079,XOM UN Equity,US,98.92
1116,2023-12-12,BRK.B,44925,BRK/B UN Equity,US,360.02
1117,2023-12-12,CMB,37965,JPM UN Equity,US,160.52
1118,2023-12-12,MSFT,52712,MSFT UW Equity,US,374.38
1119,2023-12-12,NVDA,53501,NVDA UW Equity,US,476.57
1120,2023-12-12,XOM,25079,XOM UN Equity,US,98.05
1121,2023-12-11,BRK.B,44925,BRK/B UN Equity,US,357.06
1122,2023-12-11,CMB,37965,JPM UN Equity,US,159.1
1123,2023-12-11,MSFT,52712,MSFT UW Equity,US,371.3
1124,2023-12-11,NVDA,53501,NVDA UW Equity,US,466.27
1125,2023-12-11,XOM,25079,XOM UN Equity,US,99.62
1126,2023-12-08,BRK.B,44925,BRK/B UN Equity,US,353.08
1127,2023-12-08,CMB,37965,JPM UN Equity,US,158.52
1128,2023-12-08,MSFT,52712,MSFT UW Equity,US,374.23
1129,2023-12-08,NVDA,53501,NVDA UW Equity,US,475.06
1130,2023-12-08,XOM,25079,XOM UN Equity,US,99.55
1131,2023-12-07,BRK.B,44925,BRK/B UN Equity,US,352.7
1132,2023-12-07,CMB,37965,JPM UN Equity,US,156.79
1133,2023-12-07,MSFT,52712,MSFT UW Equity,US,370.95
1134,2023-12-07,NVDA,53501,NVDA UW Equity,US,465.96
1135,2023-12-07,XOM,25079,XOM UN Equity,US,98.42
1136,2023-12-06,BRK.B,44925,BRK/B UN Equity,US,352.38
1137,2023-12-06,CMB,37965,JPM UN Equity,US,156.31
1138,2023-12-06,MSFT,52712,MSFT UW Equity,US,368.8
1139,2023-12-06,NVDA,53501,NVDA UW Equity,US,455.03
1140,2023-12-06,XOM,25079,XOM UN Equity,US,99.11
1141,2023-12-05,BRK.B,44925,BRK/B UN Equity,US,355.03
1142,2023-12-05,CMB,37965,JPM UN Equity,US,157.97
1143,2023-12-05,MSFT,52712,MSFT UW Equity,US,372.52
1144,2023-12-05,NVDA,53501,NVDA UW Equity,US,465.66
1145,2023-12-05,XOM,25079,XOM UN Equity,US,100.44
1146,2023-12-04,BRK.B,44925,BRK/B UN Equity,US,356.66
1147,2023-12-04,CMB,37965,JPM UN Equity,US,157.99
1148,2023-12-04,MSFT,52712,MSFT UW Equity,US,369.14
1149,2023-12-04,NVDA,53501,NVDA UW Equity,US,455.1
1150,2023-12-04,XOM,25079,XOM UN Equity,US,102.43
1151,2023-12-01,BRK.B,44925,BRK/B UN Equity,US,357.07
1152,2023-12-01,CMB,37965,JPM UN Equity,US,156.84
1153,2023-12-01,MSFT,52712,MSFT UW Equity,US,374.51
1154,2023-12-01,NVDA,53501,NVDA UW Equity,US,467.65
1155,2023-12-01,XOM,25079,XOM UN Equity,US,102.99
1156,2023-11-30,BRK.B,44925,BRK/B UN Equity,US,360
1157,2023-11-30,CMB,37965,JPM UN Equity,US,156.08
1158,2023-11-30,MSFT,52712,MSFT UW Equity,US,378.91
1159,2023-11-30,NVDA,53501,NVDA UW Equity,US,467.7
1160,2023-11-30,XOM,25079,XOM UN Equity,US,102.74
1161,2023-11-29,BRK.B,44925,BRK/B UN Equity,US,358.69
1162,2023-11-29,CMB,37965,JPM UN Equity,US,154.32
1163,2023-11-29,MSFT,52712,MSFT UW Equity,US,378.85
1164,2023-11-29,NVDA,53501,NVDA UW Equity,US,481.4
1165,2023-11-29,XOM,25079,XOM UN Equity,US,102.34
1166,2023-11-28,BRK.B,44925,BRK/B UN Equity,US,360.05
1167,2023-11-28,CMB,37965,JPM UN Equity,US,153.54
1168,2023-11-28,MSFT,52712,MSFT UW Equity,US,382.7
1169,2023-11-28,NVDA,53501,NVDA UW Equity,US,478.21
1170,2023-11-28,XOM,25079,XOM UN Equity,US,103.9
1171,2023-11-27,BRK.B,44925,BRK/B UN Equity,US,361.34
1172,2023-11-27,CMB,37965,JPM UN Equity,US,153.19
1173,2023-11-27,MSFT,52712,MSFT UW Equity,US,378.61
1174,2023-11-27,NVDA,53501,NVDA UW Equity,US,482.42
1175,2023-11-27,XOM,25079,XOM UN Equity,US,103.96
1176,2023-11-24,BRK.B,44925,BRK/B UN Equity,US,362.68
1177,2023-11-24,CMB,37965,JPM UN Equity,US,153.54
1178,2023-11-24,MSFT,52712,MSFT UW Equity,US,377.43
1179,2023-11-24,NVDA,53501,NVDA UW Equity,US,477.76
1180,2023-11-24,XOM,25079,XOM UN Equity,US,104.57
1181,2023-11-22,BRK.B,44925,BRK/B UN Equity,US,361.8
1182,2023-11-22,CMB,37965,JPM UN Equity,US,153.33
1183,2023-11-22,MSFT,52712,MSFT UW Equity,US,377.85
1184,2023-11-22,NVDA,53501,NVDA UW Equity,US,487.16
1185,2023-11-22,XOM,25079,XOM UN Equity,US,104.01
1186,2023-11-21,BRK.B,44925,BRK/B UN Equity,US,361
1187,2023-11-21,CMB,37965,JPM UN Equity,US,152.97
1188,2023-11-21,MSFT,52712,MSFT UW Equity,US,373.07
1189,2023-11-21,NVDA,53501,NVDA UW Equity,US,499.44
1190,2023-11-21,XOM,25079,XOM UN Equity,US,104.46
1191,2023-11-20,BRK.B,44925,BRK/B UN Equity,US,361.33
1192,2023-11-20,CMB,37965,JPM UN Equity,US,153.29
1193,2023-11-20,MSFT,52712,MSFT UW Equity,US,377.44
1194,2023-11-20,NVDA,53501,NVDA UW Equity,US,504.09
1195,2023-11-20,XOM,25079,XOM UN Equity,US,104.5
1196,2023-11-17,BRK.B,44925,BRK/B UN Equity,US,358.93
1197,2023-11-17,CMB,37965,JPM UN Equity,US,152.82
1198,2023-11-17,MSFT,52712,MSFT UW Equity,US,369.85
1199,2023-11-17,NVDA,53501,NVDA UW Equity,US,492.98
1200,2023-11-17,XOM,25079,XOM UN Equity,US,104.96
1201,2023-11-16,BRK.B,44925,BRK/B UN Equity,US,359.86
1202,2023-11-16,CMB,37965,JPM UN Equity,US,151.45
1203,2023-11-16,MSFT,52712,MSFT UW Equity,US,376.17
1204,2023-11-16,NVDA,53501,NVDA UW Equity,US,494.8
1205,2023-11-16,XOM,25079,XOM UN Equity,US,102.46
1206,2023-11-15,BRK.B,44925,BRK/B UN Equity,US,356.79
1207,2023-11-15,CMB,37965,JPM UN Equity,US,149.74
1208,2023-11-15,MSFT,52712,MSFT UW Equity,US,369.67
1209,2023-11-15,NVDA,53501,NVDA UW Equity,US,488.88
1210,2023-11-15,XOM,25079,XOM UN Equity,US,103.66
1211,2023-11-14,BRK.B,44925,BRK/B UN Equity,US,354.25
1212,2023-11-14,CMB,37965,JPM UN Equity,US,148.44
1213,2023-11-14,MSFT,52712,MSFT UW Equity,US,370.27
1214,2023-11-14,NVDA,53501,NVDA UW Equity,US,496.56
1215,2023-11-14,XOM,25079,XOM UN Equity,US,104.29
1216,2023-11-13,BRK.B,44925,BRK/B UN Equity,US,350.01
1217,2023-11-13,CMB,37965,JPM UN Equity,US,145.78
1218,2023-11-13,MSFT,52712,MSFT UW Equity,US,366.68
1219,2023-11-13,NVDA,53501,NVDA UW Equity,US,486.2
1220,2023-11-13,XOM,25079,XOM UN Equity,US,104.84
1221,2023-11-10,BRK.B,44925,BRK/B UN Equity,US,350.56
1222,2023-11-10,CMB,37965,JPM UN Equity,US,146.43
1223,2023-11-10,MSFT,52712,MSFT UW Equity,US,369.67
1224,2023-11-10,NVDA,53501,NVDA UW Equity,US,483.35
1225,2023-11-10,XOM,25079,XOM UN Equity,US,103.75
1226,2023-11-09,BRK.B,44925,BRK/B UN Equity,US,348.18
1227,2023-11-09,CMB,37965,JPM UN Equity,US,144.29
1228,2023-11-09,MSFT,52712,MSFT UW Equity,US,360.69
1229,2023-11-09,NVDA,53501,NVDA UW Equity,US,469.5
1230,2023-11-09,XOM,25079,XOM UN Equity,US,102.96
1231,2023-11-08,BRK.B,44925,BRK/B UN Equity,US,346.3
1232,2023-11-08,CMB,37965,JPM UN Equity,US,144.72
1233,2023-11-08,MSFT,52712,MSFT UW Equity,US,363.2
1234,2023-11-08,NVDA,53501,NVDA UW Equity,US,465.74
1235,2023-11-08,XOM,25079,XOM UN Equity,US,102.93
1236,2023-11-07,BRK.B,44925,BRK/B UN Equity,US,346.17
1237,2023-11-07,CMB,37965,JPM UN Equity,US,144.01
1238,2023-11-07,MSFT,52712,MSFT UW Equity,US,360.53
1239,2023-11-07,NVDA,53501,NVDA UW Equity,US,459.55
1240,2023-11-07,XOM,25079,XOM UN Equity,US,104.21
1241,2023-11-06,BRK.B,44925,BRK/B UN Equity,US,346.63
1242,2023-11-06,CMB,37965,JPM UN Equity,US,144.08
1243,2023-11-06,MSFT,52712,MSFT UW Equity,US,356.53
1244,2023-11-06,NVDA,53501,NVDA UW Equity,US,457.51
1245,2023-11-06,XOM,25079,XOM UN Equity,US,105.87
1246,2023-11-03,BRK.B,44925,BRK/B UN Equity,US,351.81
1247,2023-11-03,CMB,37965,JPM UN Equity,US,143
1248,2023-11-03,MSFT,52712,MSFT UW Equity,US,352.8
1249,2023-11-03,NVDA,53501,NVDA UW Equity,US,450.05
1250,2023-11-03,XOM,25079,XOM UN Equity,US,107.78
1251,2023-11-02,BRK.B,44925,BRK/B UN Equity,US,349.02
1252,2023-11-02,CMB,37965,JPM UN Equity,US,141.42
1253,2023-11-02,MSFT,52712,MSFT UW Equity,US,348.32
1254,2023-11-02,NVDA,53501,NVDA UW Equity,US,435.06
1255,2023-11-02,XOM,25079,XOM UN Equity,US,109.11
1256,2023-11-01,BRK.B,44925,BRK/B UN Equity,US,343.75
1257,2023-11-01,CMB,37965,JPM UN Equity,US,138.94
1258,2023-11-01,MSFT,52712,MSFT UW Equity,US,346.07
1259,2023-11-01,NVDA,53501,NVDA UW Equity,US,423.25
1260,2023-11-01,XOM,25079,XOM UN Equity,US,105.64
1261,2023-10-31,BRK.B,44925,BRK/B UN Equity,US,341.33
1262,2023-10-31,CMB,37965,JPM UN Equity,US,139.06
1263,2023-10-31,MSFT,52712,MSFT UW Equity,US,338.11
1264,2023-10-31,NVDA,53501,NVDA UW Equity,US,407.8
1265,2023-10-31,XOM,25079,XOM UN Equity,US,105.85
